timestamp,message
1788972480993,"INIT_START Runtime Version: java:21.mainline.v83	Runtime Version ARN: arn:aws:lambda:us-east-1::runtime:4ba7745a18788c9c9b5b35147000932c106eb1df13744d52691b3aef27f5a57c
"
1788972481468,"Standard Commons Logging discovery in action with spring-jcl: please remove commons-logging.jar from classpath in order to avoid potential conflicts
"
1788972486388,"2026-09-09T16:48:06.382Z  WARN 2 --- [           main] .s.s.UserDetailsServiceAutoConfiguration : 
"
1788972486388,"Using generated security password: 183782f0-c4c2-4944-9fa1-2509a85deeb8
"
1788972486388,"This generated password is for development use only. Your security configuration must be updated before running your application in production.
"
1788972486988,"START RequestId: 8c73bac0-3d7a-4582-ad9c-77b6a13754aa Version: $LATEST
"
1788972486993,"[INFO] SERVICE: Notification scheduler started. requestId=8c73bac0-3d7a-4582-ad9c-77b6a13754aa, window=MORNING, now=2026-09-09T11:48:06.993348327-05:00[America/Bogota]"
1788972486993,[INFO] PROCESSOR: Fetching operational milking cows
1788972486993,[INFO] REPOSITORY: Finding all lactations (OPEN and CLOSE)
1788972488082,"[ERROR] REPOSITORY: Error finding all lactations
software.amazon.awssdk.services.dynamodb.model.ResourceNotFoundException: Requested resource not found (Service: DynamoDb, Status Code: 400, Request ID: 4RI3I70G8FLMABFBL5TD3KTS9BVV4KQNSO5AEMVJF66Q9ASUAAJG) (SDK Attempt Count: 1)
software.amazon.awssdk.services.dynamodb.model.ResourceNotFoundException$BuilderImpl.build(ResourceNotFoundException.java:151)
software.amazon.awssdk.services.dynamodb.model.ResourceNotFoundException$BuilderImpl.build(ResourceNotFoundException.java:99)
software.amazon.awssdk.core.internal.http.pipeline.stages.utils.RetryableStageHelper.retryPolicyDisallowedRetryException(RetryableStageHelper.java:168)
software.amazon.awssdk.core.internal.http.pipeline.stages.RetryableStage.execute(RetryableStage.java:73)
software.amazon.awssdk.core.internal.http.pipeline.stages.RetryableStage.execute(RetryableStage.java:36)
software.amazon.awssdk.core.internal.http.pipeline.RequestPipelineBuilder$ComposingRequestPipelineStage.execute(RequestPipelineBuilder.java:206)
software.amazon.awssdk.core.internal.http.StreamManagingStage.execute(StreamManagingStage.java:53)
software.amazon.awssdk.core.internal.http.StreamManagingStage.execute(StreamManagingStage.java:35)
software.amazon.awssdk.core.internal.http.pipeline.stages.ApiCallTimeoutTrackingStage.executeWithTimer(ApiCallTimeoutTrackingStage.java:82)
software.amazon.awssdk.core.internal.http.pipeline.stages.ApiCallTimeoutTrackingStage.execute(ApiCallTimeoutTrackingStage.java:62)
software.amazon.awssdk.core.internal.http.pipeline.stages.ApiCallTimeoutTrackingStage.execute(ApiCallTimeoutTrackingStage.java:43)
software.amazon.awssdk.core.internal.http.pipeline.stages.ApiCallMetricCollectionStage.execute(ApiCallMetricCollectionStage.java:50)
software.amazon.awssdk.core.internal.http.pipeline.stages.ApiCallMetricCollectionStage.execute(ApiCallMetricCollectionStage.java:32)
software.amazon.awssdk.core.internal.http.pipeline.RequestPipelineBuilder$ComposingRequestPipelineStage.execute(RequestPipelineBuilder.java:206)
software.amazon.awssdk.core.internal.http.pipeline.RequestPipelineBuilder$ComposingRequestPipelineStage.execute(RequestPipelineBuilder.java:206)
software.amazon.awssdk.core.internal.http.pipeline.stages.ExecutionFailureExceptionReportingStage.execute(ExecutionFailureExceptionReportingStage.java:37)
software.amazon.awssdk.core.internal.http.pipeline.stages.ExecutionFailureExceptionReportingStage.execute(ExecutionFailureExceptionReportingStage.java:26)
software.amazon.awssdk.core.internal.http.AmazonSyncHttpClient$RequestExecutionBuilderImpl.execute(AmazonSyncHttpClient.java:210)
software.amazon.awssdk.core.internal.handler.BaseSyncClientHandler.invoke(BaseSyncClientHandler.java:103)
software.amazon.awssdk.core.internal.handler.BaseSyncClientHandler.doExecute(BaseSyncClientHandler.java:173)
software.amazon.awssdk.core.internal.handler.BaseSyncClientHandler.lambda$execute$1(BaseSyncClientHandler.java:80)
software.amazon.awssdk.core.internal.handler.BaseSyncClientHandler.measureApiCallSuccess(BaseSyncClientHandler.java:182)
software.amazon.awssdk.core.internal.handler.BaseSyncClientHandler.execute(BaseSyncClientHandler.java:74)
software.amazon.awssdk.core.client.handler.SdkSyncClientHandler.execute(SdkSyncClientHandler.java:45)
software.amazon.awssdk.awscore.client.handler.AwsSyncClientHandler.execute(AwsSyncClientHandler.java:53)
software.amazon.awssdk.services.dynamodb.DefaultDynamoDbClient.query(DefaultDynamoDbClient.java:9095)
software.amazon.awssdk.services.dynamodb.paginators.QueryIterable$QueryResponseFetcher.nextPage(QueryIterable.java:135)
software.amazon.awssdk.services.dynamodb.paginators.QueryIterable$QueryResponseFetcher.nextPage(QueryIterable.java:126)
software.amazon.awssdk.core.pagination.sync.PaginatedResponsesIterator.next(PaginatedResponsesIterator.java:58)
software.amazon.awssdk.enhanced.dynamodb.internal.TransformIterator.next(TransformIterator.java:44)
java.base/java.lang.Iterable.forEach(Unknown Source)
com.cattle.repository.ProfileLactancyRepository.findAllLactations(ProfileLactancyRepository.java:113)
com.cattle.processor.MilkingProcessor.getCowsWithLactations(MilkingProcessor.java:132)
com.cattle.notifications.producer.milking.MorningMilkingStatusService.statusFor(MorningMilkingStatusService.java:34)
com.cattle.notifications.producer.MilkingAmReminderProducer.evaluate(MilkingAmReminderProducer.java:67)
com.cattle.NotificationSchedulerHandler.collectDrafts(NotificationSchedulerHandler.java:93)
com.cattle.NotificationSchedulerHandler.handleRequest(NotificationSchedulerHandler.java:69)
java.base/jdk.internal.reflect.DirectMethodHandleAccessor.invoke(Unknown Source)
java.base/java.lang.reflect.Method.invoke(Unknown Source)
com.amazonaws.services.lambda.runtime.api.client.EventHandlerLoader$PojoMethodRequestHandler.handleRequest(EventHandlerLoader.java:741)
com.amazonaws.services.lambda.runtime.api.client.EventHandlerLoader$PojoHandlerAsStreamHandler.handleRequest(EventHandlerLoader.java:658)
com.amazonaws.services.lambda.runtime.api.client.EventHandlerLoader$2.call(EventHandlerLoader.java:604)
com.amazonaws.services.lambda.runtime.api.client.AWSLambda.startRuntimeLoop(AWSLambda.java:317)
com.amazonaws.services.lambda.runtime.api.client.AWSLambda.startRuntimeLoops(AWSLambda.java:267)
com.amazonaws.services.lambda.runtime.api.client.AWSLambda.main(AWSLambda.java:224)
"
1788972488082,"[ERROR] SERVICE: Notification producer failed and was skipped. producer=MILKING_AM_REMINDER
com.cattle.exceptions.RepositoryException: Unexpected error finding all lactations
com.cattle.repository.ProfileLactancyRepository.findAllLactations(ProfileLactancyRepository.java:123)
com.cattle.processor.MilkingProcessor.getCowsWithLactations(MilkingProcessor.java:132)
com.cattle.notifications.producer.milking.MorningMilkingStatusService.statusFor(MorningMilkingStatusService.java:34)
com.cattle.notifications.producer.MilkingAmReminderProducer.evaluate(MilkingAmReminderProducer.java:67)
com.cattle.NotificationSchedulerHandler.collectDrafts(NotificationSchedulerHandler.java:93)
com.cattle.NotificationSchedulerHandler.handleRequest(NotificationSchedulerHandler.java:69)
java.base/jdk.internal.reflect.DirectMethodHandleAccessor.invoke(Unknown Source)
java.base/java.lang.reflect.Method.invoke(Unknown Source)
com.amazonaws.services.lambda.runtime.api.client.EventHandlerLoader$PojoMethodRequestHandler.handleRequest(EventHandlerLoader.java:741)
com.amazonaws.services.lambda.runtime.api.client.EventHandlerLoader$PojoHandlerAsStreamHandler.handleRequest(EventHandlerLoader.java:658)
com.amazonaws.services.lambda.runtime.api.client.EventHandlerLoader$2.call(EventHandlerLoader.java:604)
com.amazonaws.services.lambda.runtime.api.client.AWSLambda.startRuntimeLoop(AWSLambda.java:317)
com.amazonaws.services.lambda.runtime.api.client.AWSLambda.startRuntimeLoops(AWSLambda.java:267)
com.amazonaws.services.lambda.runtime.api.client.AWSLambda.main(AWSLambda.java:224)
"
1788972488085,"[INFO] SERVICE: Notification dispatch finished. created=0, deduplicated=0, failed=0"
1788972488085,"[INFO] SERVICE: Notification scheduler completed. {message=Notification scheduler completed, window=MORNING, drafts=0, created=0, deduplicated=0, failed=0, requestId=8c73bac0-3d7a-4582-ad9c-77b6a13754aa, trigger=eventbridge-scheduler}"
1788972488102,"END RequestId: 8c73bac0-3d7a-4582-ad9c-77b6a13754aa
"
1788972488102,"REPORT RequestId: 8c73bac0-3d7a-4582-ad9c-77b6a13754aa	Duration: 1114.06 ms	Billed Duration: 7105 ms	Memory Size: 1024 MB	Max Memory Used: 281 MB	Init Duration: 5990.79 ms	
"